{
  "name": "Абсурдная Игра — Генератор случайных фраз",
  "short_name": "Абсурдная Игра",
  "description": "Бесплатная онлайн игра с тысячами абсурдных фраз для веселья с друзьями! Выбирайте категории: ужасы, романтика, детское, 18+ и создавайте незабываемые моменты.",
  "version": "2.0.0",
  "start_url": "/",
  "scope": "/",
  "display": "standalone",
  "orientation": "portrait-primary",
  "lang": "ru",
  "dir": "ltr",
  
  "theme_color": "#667eea",
  "background_color": "#1a1a2e",
  
  "categories": [
    "games",
    "entertainment",
    "social",
    "fun"
  ],
  
  "icons": [
    {
      "src": "/assets/icons/icon-72x72.png",
      "sizes": "72x72",
      "type": "image/png",
      "purpose": "maskable any"
    },
    {
      "src": "/assets/icons/icon-96x96.png",
      "sizes": "96x96",
      "type": "image/png",
      "purpose": "maskable any"
    },
    {
      "src": "/assets/icons/icon-128x128.png",
      "sizes": "128x128",
      "type": "image/png",
      "purpose": "maskable any"
    },
    {
      "src": "/assets/icons/icon-144x144.png",
      "sizes": "144x144",
      "type": "image/png",
      "purpose": "maskable any"
    },
    {
      "src": "/assets/icons/icon-152x152.png",
      "sizes": "152x152",
      "type": "image/png",
      "purpose": "maskable any"
    },
    {
      "src": "/assets/icons/icon-192x192.png",
      "sizes": "192x192",
      "type": "image/png",
      "purpose": "maskable any"
    },
    {
      "src": "/assets/icons/icon-384x384.png",
      "sizes": "384x384",
      "type": "image/png",
      "purpose": "maskable any"
    },
    {
      "src": "/assets/icons/icon-512x512.png",
      "sizes": "512x512",
      "type": "image/png",
      "purpose": "maskable any"
    },
    {
      "src": "/assets/icons/apple-touch-icon.png",
      "sizes": "180x180",
      "type": "image/png",
      "purpose": "any"
    },
    {
      "src": "/assets/icons/favicon-32x32.png",
      "sizes": "32x32",
      "type": "image/png",
      "purpose": "any"
    },
    {
      "src": "/assets/icons/favicon-16x16.png",
      "sizes": "16x16",
      "type": "image/png",
      "purpose": "any"
    }
  ],
  
  "screenshots": [
    {
      "src": "/assets/screenshots/mobile-1.png",
      "sizes": "390x844",
      "type": "image/png",
      "form_factor": "narrow",
      "label": "Главная страница с категориями фраз"
    },
    {
      "src": "/assets/screenshots/mobile-2.png",
      "sizes": "390x844",
      "type": "image/png",
      "form_factor": "narrow",
      "label": "Игровой экран с абсурдной фразой"
    },
    {
      "src": "/assets/screenshots/mobile-3.png",
      "sizes": "390x844",
      "type": "image/png",
      "form_factor": "narrow",
      "label": "Тёмная тема приложения"
    },
    {
      "src": "/assets/screenshots/desktop-1.png",
      "sizes": "1280x720",
      "type": "image/png",
      "form_factor": "wide",
      "label": "Десктопная версия игры"
    },
    {
      "src": "/assets/screenshots/desktop-2.png",
      "sizes": "1280x720",
      "type": "image/png",
      "form_factor": "wide",
      "label": "Светлая тема на рабочем столе"
    }
  ],
  
  "shortcuts": [
    {
      "name": "Случайная фраза",
      "short_name": "Случайная",
      "description": "Получить случайную фразу из любой категории",
      "url": "/?action=random",
      "icons": [
        {
          "src": "/assets/icons/shortcut-random.png",
          "sizes": "192x192",
          "type": "image/png"
        }
      ]
    },
    {
      "name": "Абсурд",
      "short_name": "Абсурд",
      "description": "Безумные и неожиданные фразы",
      "url": "/?category=absurd",
      "icons": [
        {
          "src": "/assets/icons/shortcut-absurd.png",
          "sizes": "192x192",
          "type": "image/png"
        }
      ]
    },
    {
      "name": "Ужасы",
      "short_name": "Ужасы",
      "description": "Мистические и страшные сценарии",
      "url": "/?category=horror",
      "icons": [
        {
          "src": "/assets/icons/shortcut-horror.png",
          "sizes": "192x192",
          "type": "image/png"
        }
      ]
    },
    {
      "name": "Детское",
      "short_name": "Детское",
      "description": "Добрые и весёлые истории для детей",
      "url": "/?category=kids",
      "icons": [
        {
          "src": "/assets/icons/shortcut-kids.png",
          "sizes": "192x192",
          "type": "image/png"
        }
      ]
    },
    {
      "name": "Романтика",
      "short_name": "Романтика",
      "description": "Нежные и романтические моменты",
      "url": "/?category=romance",
      "icons": [
        {
          "src": "/assets/icons/shortcut-romance.png",
          "sizes": "192x192",
          "type": "image/png"
        }
      ]
    },
    {
      "name": "Избранное",
      "short_name": "Избранное",
      "description": "Ваши сохранённые фразы",
      "url": "/favorites.html",
      "icons": [
        {
          "src": "/assets/icons/shortcut-favorites.png",
          "sizes": "192x192",
          "type": "image/png"
        }
      ]
    }
  ],
  
  "share_target": {
    "action": "/share-phrase",
    "method": "POST",
    "enctype": "multipart/form-data",
    "params": {
      "title": "title",
      "text": "text",
      "url": "url"
    }
  },
  
  "protocol_handlers": [
    {
      "protocol": "web+absudia",
      "url": "/handle-protocol?phrase=%s"
    }
  ],
  
  "file_handlers": [
    {
      "action": "/import-phrases",
      "accept": {
        "application/json": [".json"],
        "text/plain": [".txt"]
      },
      "launch_type": "single-client"
    }
  ],
  
  "edge_side_panel": {
    "preferred_width": 400
  },
  
  "handle_links": "preferred",
  
  "launch_handler": {
    "client_mode": "focus-existing"
  },
  
  "related_applications": [
    {
      "platform": "play",
      "url": "https://play.google.com/store/apps/details?id=com.absudia.app",
      "id": "com.absudia.app"
    },
    {
      "platform": "itunes",
      "url": "https://apps.apple.com/app/absurd-game/id123456789",
      "id": "123456789"
    }
  ],
  
  "prefer_related_applications": false,
  
  "iarc_rating_id": "e84b072d-71b3-4d3e-86ae-31a8ce4e53b7",
  
  "id": "absudia-phrase-game",
  
  "scope_extensions": [
    {
      "origin": "https://absudia.com"
    },
    {
      "origin": "https://www.absudia.com"
    }
  ],
  
  "display_override": [
    "window-controls-overlay",
    "standalone",
    "minimal-ui",
    "browser"
  ],
  
  "user_preferences": {
    "color_scheme_dark": {
      "theme_color": "#1a1a2e",
      "background_color": "#0f0f23"
    },
    "color_scheme_light": {
      "theme_color": "#4f46e5",
      "background_color": "#ffffff"
    }
  }
}